Bài viết,Tháng 2026-10,Tổng,Thời điểm lấy
2026-05-31-chao-mung,0,0,09:05:24 2/10/2026
2026-05-31-thong-bao-cap-nhat-phien-ban-moi,0,0,09:05:24 2/10/2026
2026-06-01-them-chuc-nang-tuy-chinh-mau,0,0,09:05:24 2/10/2026
2026-06-01-them-moi-chuc-nang-bao-cao-gop,0,0,09:05:24 2/10/2026
2026-06-01-them-moi-chuc-nang-giao-dich-ngan-hang-va-doi-chieu-so-du-cuoi-ky,0,0,09:05:24 2/10/2026
2026-06-01-thong-bao-cap-nhat-giao-dien-phan-mem-2,0,0,09:05:24 2/10/2026
2026-08-20-cai-tien-giao-dien-va-trai-nghiem-su-dung,0,0,09:05:24 2/10/2026
2026-08-20-cap-nhat-phan-he-tinh-gia-thanh-va-cac-tinh-nang-lien-quan,2,2,09:05:24 2/10/2026
2026-08-20-khac-phuc-loi-va-cai-tien-cac-bao-cao,0,0,09:05:24 2/10/2026
2026-08-20-kiem-tra-ma-so-thue-khach-hang-khi-luu-phieu-ban-hang,0,0,09:05:24 2/10/2026
2026-08-20-xem-truoc-tai-lieu-dinh-kem-truc-tiep-tren-phan-mem,0,0,09:05:24 2/10/2026
2026-08-24-huong-dan-import-excel-tao-phieu-ban-hang-tren-erp,0,0,09:05:24 2/10/2026
2026-08-24-khac-phuc-loi-hoan-thien-chuc-nang,0,0,09:05:24 2/10/2026
2026-09-07-nang-cap-bao-mat-va-dang-nhap-cho-he-thong,0,0,09:05:24 2/10/2026
2026-09-07-them-mau-in-loai-hang,0,0,09:05:24 2/10/2026
2026-09-07-tong-hop-cac-loi-da-duoc-khac-phuc,0,0,09:05:24 2/10/2026
2026-09-26-mau-phieu-yeu-cau-nang-cap-phan-mem-erp,0,2,09:05:24 2/10/2026
2026-09-28-erp-v3-5-0-cai-tien-excel-mau-in-khac-phuc-loi,0,1,09:05:24 2/10/2026
